ID,LATITUDE,LONGITUDE,ELEVATION,STATE,NAME
USC00010160,32.935,-85.9556,201.2,AL,ALEXANDER CITY
USC00010178,33.1272,-88.155,59.4,AL,ALICEVILLE
USC00010390,34.7753,-86.9508,210.0,AL,ATHENS
USC00010402,31.1819,-87.4389,91.4,AL,ATMORE
USC00010425,32.5992,-85.4653,166.1,AL,AUBURN NO.2
USC00010505,33.4528,-87.3572,85.3,AL,BANKHEAD L&D
USC00010583,30.8839,-87.7853,82.6,AL,BAY MINETTE
USC00010655,34.6892,-86.8819,183.8,AL,BELLE MINA 2 N
USC00010764,33.3936,-87.0067,132.6,AL,BESSEMER 3 WSW
USC00011080,31.1414,-87.0486,52.7,AL,BREWTON 3 ENE
USC00011099,34.9808,-85.81,203.3,AL,BRIDGEPORT 5 NW
USC00011620,33.2814,-86.3431,126.8,AL,CHILDERSBURG WTP
USC00011694,32.8158,-86.6044,179.8,AL,CLANTON
USC00011725,31.8708,-85.45,173.4,AL,CLAYTON
USC00012096,34.2067,-86.8,246.9,AL,CULLMAN 1.5SE/KRESS FARMS
USC00012172,30.2506,-88.0775,2.4,AL,DAUPHIN IS #2
USC00012245,32.5194,-87.8794,30.5,AL,DEMOPOLIS L&D
USC00012675,31.2969,-85.89,102.7,AL,ENTERPRISE 4 W
USC00012730,32.0111,-85.09,91.4,AL,EUFAULA WILDLIFE REF
USC00012813,30.5467,-87.8808,7.0,AL,FAIRHOPE 2 NE
USC00012883,33.6794,-87.83,100.9,AL,FAYETTE
USC00013154,34.0219,-85.9878,172.2,AL,GADSDEN
USC00013160,32.8347,-88.1342,38.1,AL,GAINESVILLE LOCK
USC00013251,31.0383,-85.8708,44.2,AL,GENEVA #2
USC00013511,32.6922,-87.5761,75.9,AL,GREENSBORO
USC00013519,31.79,-86.6086,104.2,AL,GREENVILLE
USC00013573,34.3344,-86.3297,176.2,AL,GUNTERSVILLE
USC00013575,34.3347,-86.3294,181.4,AL,GUNTERSVILLE NO.2
USC00013620,34.2314,-87.6353,280.4,AL,HALEYVILLE
USC00013645,34.1389,-87.9947,149.4,AL,HAMILTON
USC00013761,31.3831,-85.3678,103.9,AL,HEADLAND
USC00013775,33.6433,-85.6094,307.8,AL,HEFLIN
USC00014193,31.5253,-87.9278,67.1,AL,JACKSON
USC00014502,32.9069,-85.4336,225.6,AL,LAFAYETTE 2W
USC00015121,32.4717,-87.2308,68.3,AL,MARION JUNCTION 2 NE
USC00015635,34.4883,-87.2989,189.6,AL,MOULTON 2
USC00016121,33.9264,-86.4211,333.8,AL,ONEONTA
USC00016129,32.6592,-85.4497,191.1,AL,OPELIKA
USC00016988,30.5653,-87.7017,49.1,AL,ROBERTSDALE
USC00017025,33.1583,-85.2908,230.1,AL,ROCK MILLS
USC00017131,34.51,-87.7319,253.0,AL,RUSSELLVILLE #2
USC00017157,34.1744,-86.8106,238.7,AL,SAINT BERNARD
USC00017207,34.2878,-85.9681,362.7,AL,SAND MT SUBSTN
USC00017304,34.6736,-86.0536,187.5,AL,SCOTTSBORO
USC00017366,32.4111,-87.0144,44.8,AL,SELMA
USC00017999,33.2053,-86.195,153.6,AL,SYLACAUGA 4 NE
USC00018024,33.4172,-86.1344,154.8,AL,TALLADEGA
USC00018209,32.9206,-86.6708,207.3,AL,THORSBY EXP STN
USC00018323,31.8075,-85.9722,165.2,AL,TROY
USC00018380,33.2231,-87.61,50.3,AL,TUSCALOOSA ACFD
USC00018469,34.5686,-85.6064,341.7,AL,VALLEY HEAD
USC00018517,33.7417,-88.125,90.5,AL,VERNON
USC00018998,33.9108,-87.8469,158.5,AL,WINFIELD 2 SW
USC00080211,29.7258,-85.0206,6.1,FL,APALACHICOLA AP
USC00080228,27.2178,-81.8742,7.6,FL,ARCADIA
USC00080236,27.1819,-81.3511,41.5,FL,ARCHBOLD BIO STN
USC00080369,27.5947,-81.5267,46.9,FL,AVON PARK 2 W
USC00080478,27.8864,-81.8325,34.1,FL,BARTOW 1SE
USC00080945,27.4364,-82.4903,5.2,FL,BRADENTON 5 ESE
USC00081163,28.6664,-82.0894,24.4,FL,BUSHNELL 1 E
USC00081276,26.8639,-80.6256,9.1,FL,CANAL PT USDA
USC00081544,30.7806,-85.5503,39.6,FL,CHIPLEY
USC00081641,28.4558,-81.7233,39.6,FL,CLERMONT 9 S
USC00081978,29.425,-81.5161,16.2,FL,CRESCENT CITY
USC00082008,29.6333,-83.1053,12.8,FL,CROSS CITY 1 E
USC00082150,29.1967,-81.0083,8.8,FL,DAYTONA BEACH
USC00082229,29.0097,-81.2986,7.6,FL,DELAND 1 SSE
USC00082418,24.6278,-82.8736,0.9,FL,DRY TORTUGAS
USC00082944,30.6669,-81.4525,14.9,FL,FERNANDINA BEACH
USC00083020,25.1422,-80.9144,0.9,FL,FLAMINGO RS
USC00083163,26.1019,-80.2011,4.9,FL,FT LAUDERDALE
USC00083168,26.1408,-80.1061,1.2,FL,FT LAUDERDALE BEACH
USC00083207,27.4419,-80.3508,7.6,FL,FT PIERCE
USC00083470,30.2717,-82.1856,39.0,FL,GLEN ST MARY 1 W
USC00083874,29.7653,-81.4697,3.0,FL,HASTINGS 4NE
USC00083909,25.8272,-80.2858,3.7,FL,HIALEAH
USC00084095,25.5011,-80.55,2.7,FL,HOMESTEAD GEN AVIATION AP
USC00084289,28.8028,-82.3128,17.7,FL,INVERNESS 3 SE
USC00084366,30.2875,-81.3928,3.0,FL,JACKSONVILLE BEACH
USC00084394,30.5056,-82.9492,39.6,FL,JASPER
USC00084625,28.2764,-81.4239,18.3,FL,KISSIMMEE 2
USC00084731,30.1853,-82.5942,59.4,FL,LAKE CITY 2 E
USC00084802,27.9944,-82.0139,42.4,FL,LAKELAND 2
USC00085076,28.8728,-81.7844,20.7,FL,LISBON
USC00085099,30.3075,-82.9936,40.2,FL,LIVE OAK
USC00085184,26.4986,-80.2161,6.4,FL,LOXAHATCHEE NWR
USC00085539,30.06,-83.1719,25.3,FL,MAYO
USC00085612,28.1136,-80.6539,10.7,FL,MELBOURNE WFO
USC00085895,26.84,-81.0872,10.7,FL,MOORE HAVEN LOCK 1
USC00085973,27.9378,-81.5992,38.1,FL,MTN LAKE
USC00086065,27.24,-82.3153,5.8,FL,MYAKKA RVR SP
USC00086078,26.1653,-81.6842,12.2,FL,NAPLES
USC00086240,30.5317,-86.4928,22.6,FL,NICEVILLE
USC00086414,29.1639,-82.0778,22.9,FL,OCALA
USC00086842,30.2492,-85.6606,1.5,FL,PANAMA CITY 5N
USC00087020,25.5819,-80.4361,3.0,FL,PERRINE 4W
USC00087025,30.0925,-83.5708,13.7,FL,PERRY
USC00087205,28.0208,-82.1392,33.2,FL,PLANT CITY
USC00087397,26.9147,-81.9969,6.1,FL,PUNTA GORDA 4 ESE
USC00087429,30.545,-84.5986,72.2,FL,QUINCY 3 SSW
USC00087760,25.3867,-80.5936,2.1,FL,ROYAL PALM RS
USC00087826,29.8764,-81.31,3.7,FL,ST AUGUSTINE WTP
USC00087851,28.3381,-82.2603,52.7,FL,SAINT LEO
USC00087982,28.8147,-81.2778,3.7,FL,SANFORD
USC00088620,27.1897,-80.2397,4.0,FL,STUART
USC00088782,27.7053,-82.4008,12.2,FL,TAMPA BAY AREA WFO
USC00088824,28.1522,-82.7539,1.8,FL,TARPON SPGS SEWAGE PLT
USC00088942,28.6244,-80.8169,4.9,FL,TITUSVILLE
USC00089120,29.4081,-82.8189,10.1,FL,USHER TWR
USC00089176,27.1006,-82.4364,2.4,FL,VENICE
USC00089219,27.6528,-80.4031,6.1,FL,VERO BEACH 4SE
USC00089401,27.5478,-81.7994,18.3,FL,WAUCHULA
USC00089566,30.1122,-85.1958,13.4,FL,WEWAHITCHKA
USC00160098,31.3206,-92.4611,26.5,LA,ALEXANDRIA
USC00160103,31.2483,-92.4486,23.5,LA,ALEXANDRIA 5 SSE
USC00160800,32.3744,-92.9433,93.6,LA,BIENVILLE 3 NE
USC00161232,31.395,-92.7167,33.5,LA,BOYCE 3 WNW
USC00161287,30.9594,-92.1786,24.4,LA,BUNKIE
USC00161411,32.5372,-92.3597,36.6,LA,CALHOUN 2 N
USC00161565,30.1981,-91.1256,7.6,LA,CARVILLE 2 SW
USC00162151,30.5269,-90.2147,13.4,LA,COVINGTON 8 WNW
USC00162534,30.0719,-91.0278,9.1,LA,DONALDSONVILLE 4 SW
USC00163313,29.8233,-91.5442,3.7,LA,FRANKLIN 3 NW
USC00163433,29.4631,-90.3072,1.5,LA,GALLIANO
USC00163800,30.4183,-92.0442,16.8,LA,GRAND COTEAU
USC00163979,29.8894,-93.4022,1.8,LA,HACKBERRY 8 SSW
USC00164034,30.4878,-90.4875,10.7,LA,HAMMOND
USC00164355,32.81,-93.0625,65.5,LA,HOMER 1N
USC00164674,29.9594,-91.7111,5.2,LA,JEANERETTE 5 NW
USC00164696,31.6783,-92.1289,43.6,LA,JENA
USC00164700,30.2003,-92.6642,7.6,LA,JENNINGS
USC00164739,31.4825,-91.8628,21.3,LA,JONESVILLE LOCKS
USC00165065,30.0206,-92.7681,3.7,LA,LAKE ARTHUR 7 SW
USC00165266,31.1417,-93.2397,8.5,LA,LEESVILLE
USC00165296,29.7869,-92.2083,0.0,LA,LELAND BOWMAN LOCK
USC00166244,32.6053,-93.2947,56.4,LA,MINDEN
USC00166394,29.6833,-91.1761,1.5,LA,MORGAN CITY
USC00166657,30.0292,-91.8844,4.9,LA,NEW IBERIA AP - ACADIANA RGNL
USC00166686,30.7267,-91.3672,13.7,LA,NEW ROADS 5 NE
USC00166938,30.6036,-92.7739,19.8,LA,OBERLIN FIRE TWR
USC00167738,32.4219,-93.6381,47.2,LA,RED RVR RSCH STN
USC00167932,29.7286,-92.8181,1.2,LA,ROCKEFELLER WL REFUGE
USC00168067,32.51,-92.6503,89.9,LA,RUSTON LA TECH
USC00168163,31.9497,-91.2336,23.8,LA,ST JOSEPH 3 N
USC00168539,30.265,-89.7697,3.0,LA,SLIDELL
USC00168923,32.3994,-91.1842,25.9,LA,TALLULAH
USC00169013,29.7547,-90.7747,4.6,LA,THIBODAUX 4 SE
USC00169806,32.0997,-91.7022,24.4,LA,WINNSBORO 5 SSE
USC00220021,33.83,-88.5206,57.3,MS,ABERDEEN
USC00220488,34.3161,-89.9558,71.9,MS,BATESVILLE
USC00220585,31.2353,-88.9189,52.4,MS,BEAUMONT EXPSTATION
USC00220660,33.1772,-90.4919,35.1,MS,BELZONI
USC00220792,30.3931,-89.0008,3.0,MS,BILOXI
USC00220955,34.6344,-88.5622,149.4,MS,BOONEVILLE
USC00221094,31.5447,-90.4581,132.6,MS,BROOKHAVEN CITY
USC00221314,33.8592,-89.3136,87.5,MS,CALHOUN CITY
USC00221389,32.6714,-90.0361,76.2,MS,CANTON 4N
USC00221707,34.1864,-90.5572,52.7,MS,CLARKSDALE
USC00221738,33.7367,-90.7444,42.1,MS,CLEVELAND
USC00221865,31.2503,-89.8361,45.7,MS,COLUMBIA
USC00221880,33.4678,-88.3847,44.2,MS,COLUMBUS
USC00221962,34.9158,-88.6011,121.6,MS,CORINTH 5 WSW
USC00222094,31.9461,-90.3775,148.4,MS,CRYSTAL SPRINGS EXP STN
USC00223887,31.2547,-89.3392,117.3,MS,HATTIESBURG 5SW
USC00223920,31.8328,-90.4542,182.9,MS,HAZLEHURST 5 SW
USC00223975,34.8042,-90.0103,98.1,MS,HERNANDO
USC00224173,34.8219,-89.4347,147.2,MS,HOLLY SPRINGS 4 N
USC00224265,33.8847,-88.9867,99.4,MS,HOUSTON
USC00224377,34.6989,-89.8214,105.2,MS,INDEPENDENCE 1W
USC00224776,33.0583,-89.5797,125.0,MS,KOSCIUSKO
USC00224939,31.6756,-89.1236,68.6,MS,LAUREL
USC00225247,33.1356,-89.0711,177.1,MS,LOUISVILLE
USC00225361,33.1544,-88.5586,76.2,MS,MACON 3N
USC00226177,31.5889,-91.3408,59.4,MS,NATCHEZ
USC00226308,32.3378,-89.0817,106.4,MS,NEWTON EXP STN
USC00226476,32.2061,-90.5133,62.5,MS,OAKLEY EXP STN
USC00226894,32.7692,-89.1303,125.9,MS,PHILA 1 WSW
USC00227111,34.1383,-89.0058,150.0,MS,PONTOTOC EXP STN
USC00227128,30.8408,-89.5453,95.4,MS,POPLARVILLE EXP STN
USC00227132,31.985,-90.9719,36.6,MS,PORT GIBSON 1 NE
USC00227815,34.4203,-89.8106,97.8,MS,SARDIS DAM
USC00227840,30.6264,-89.055,69.8,MS,SAUCIER EXP FOREST
USC00228374,33.4692,-88.7822,56.4,MS,STATE UNIV
USC00228445,33.4311,-90.9108,38.7,MS,STONEVILLE EXP STN
USC00229079,34.3725,-89.5308,131.1,MS,UNIVERSITY
USC00229173,34.1647,-88.7239,89.3,MS,VERONA EXP STN
USC00229400,34.1647,-89.635,125.0,MS,WATER VALLEY
USC00229426,30.2947,-89.3831,2.4,MS,WAVELAND
USC00229439,31.6772,-88.6708,61.0,MS,WAYNESBORO 2 W
USC00229639,30.8528,-89.1369,82.0,MS,WIGGINS
USC00229743,33.4844,-89.625,119.5,MS,WINONA 5 E
USC00410012,33.8411,-101.8508,1023.8,TX,ABERNATHY
USC00410120,32.7047,-99.3011,441.4,TX,ALBANY
USC00410174,30.3764,-103.66,1356.4,TX,ALPINE
USC00410225,29.4608,-101.0286,352.7,TX,AMISTAD DAM
USC00410268,32.7667,-99.89,523.3,TX,ANSON
USC00410337,32.7572,-97.0736,163.4,TX,ARLINGTON SIX FLAGS
USC00410394,33.1525,-100.2331,534.6,TX,ASPERMONT
USC00410404,32.1633,-95.83,136.6,TX,ATHENS
USC00410436,28.3889,-96.8389,7.0,TX,AUSTWELL
USC00410482,30.8878,-102.3008,776.3,TX,BAKERSFIELD
USC00410493,31.7414,-99.9764,518.2,TX,BALLINGER 2 NW
USC00410498,30.9839,-103.7408,970.8,TX,BALMORHEA
USC00410518,32.2631,-96.6369,140.5,TX,BARDWELL DAM
USC00410569,28.9797,-95.975,15.8,TX,BAY CITY WTR WKS
USC00410586,29.9142,-94.9908,7.9,TX,BAYTOWN
USC00410611,30.0969,-94.0997,6.1,TX,BEAUMONT CITY
USC00410613,30.0686,-94.2928,10.4,TX,BEAUMONT RSCH CTR
USC00410639,28.4575,-97.7061,77.7,TX,BEEVILLE 5 NE
USC00410690,27.5969,-98.4161,115.8,TX,BENAVIDES #2
USC00410691,32.6475,-97.4439,240.8,TX,BENBROOK DAM
USC00410779,31.2,-101.4625,833.3,TX,BIG LAKE 2
USC00410832,30.095,-98.4142,399.3,TX,BLANCO
USC00410902,29.7986,-98.7353,440.4,TX,BOERNE
USC00410923,33.64,-96.1669,182.3,TX,BONHAM 3NNE
USC00410984,33.5511,-97.8472,329.2,TX,BOWIE
USC00411000,35.5303,-102.2564,972.6,TX,BOYS RCH
USC00411007,29.3167,-100.4144,341.4,TX,BRACKETTVILLE
USC00411013,29.61,-100.4519,536.4,TX,BRACKETTVILLE 22 N
USC00411017,31.1444,-99.3492,521.5,TX,BRADY
USC00411033,35.62,-103.0072,1268.0,TX,BRAVO
USC00411042,32.75,-98.9017,356.6,TX,BRECKENRIDGE
USC00411048,30.1592,-96.3972,95.4,TX,BRENHAM
USC00411063,33.2064,-97.7761,234.4,TX,BRIDGEPORT
USC00411128,33.1908,-102.2681,1005.8,TX,BROWNFIELD
USC00411138,31.7228,-99.0142,472.7,TX,BROWNWOOD 2NE
USC00411246,32.5067,-97.3444,232.3,TX,BURLESON
USC00411250,30.7586,-98.2339,391.7,TX,BURNET
USC00411429,29.8608,-98.1958,304.8,TX,CANYON DAM
USC00411430,34.9806,-101.9264,1094.2,TX,CANYON
USC00411486,28.4894,-99.8733,186.8,TX,CARRIZO SPRINGS 3S
USC00411500,32.1614,-94.3397,93.0,TX,CARTHAGE
USC00411524,29.1333,-103.5144,661.1,TX,CASTOLON
USC00411596,31.2581,-95.9744,97.5,TX,CENTERVILLE
USC00411715,29.2703,-103.3003,1615.4,TX,CHISOS BASIN
USC00411720,28.4675,-98.2525,70.1,TX,CHOKE CANYON DAM
USC00411800,32.3139,-97.4061,238.7,TX,CLEBURNE
USC00411875,31.8281,-99.4178,514.2,TX,COLEMAN
USC00411911,29.6989,-96.5731,68.6,TX,COLUMBUS
USC00411956,30.3303,-95.4831,74.7,TX,CONROE
USC00411974,31.5333,-101.2842,755.9,TX,COPE RCH
USC00412019,32.1225,-96.4867,138.1,TX,CORSICANA
USC00412082,31.4072,-102.3578,778.5,TX,CRANE
USC00412114,31.3072,-95.4508,105.8,TX,CROCKETT
USC00412121,33.6608,-101.2778,930.2,TX,CROSBYTON
USC00412173,29.0892,-97.3433,65.2,TX,CUERO
USC00412225,32.9203,-94.7225,91.4,TX,DAINGERFIELD 9 S
USC00412238,36.0606,-102.5211,1214.3,TX,DALHART
USC00412266,29.0661,-96.2583,20.4,TX,DANEVANG 1 W
USC00412334,33.2219,-97.5872,317.0,TX,DECATUR
USC00412404,33.1992,-97.105,192.0,TX,DENTON 2 SE
USC00412408,32.9694,-102.8264,1091.2,TX,DENVER CITY
USC00412464,34.5442,-102.3019,1179.6,TX,DIMMITT
USC00412585,30.2194,-97.9878,330.4,TX,DRIPPING SPRINGS 6 E
USC00412617,35.8731,-101.9725,1114.0,TX,DUMAS
USC00412741,31.2211,-99.8503,624.2,TX,EDEN
USC00412786,29.2,-96.2653,33.5,TX,EL CAMPO
USC00412820,30.3642,-97.37,181.1,TX,ELGIN 1 N
USC00412906,27.9775,-99.3847,166.1,TX,ENCINAL
USC00413060,26.5581,-99.1372,97.5,TX,FALCON DAM
USC00413063,27.1353,-98.1203,42.4,TX,FALFURRIAS
USC00413133,32.5339,-96.6608,143.3,TX,FERRIS
USC00413183,29.6339,-97.0644,143.3,TX,FLATONIA 4SE
USC00413214,33.9847,-101.3339,970.2,TX,FLOYDADA
USC00413225,36.4328,-100.1369,844.3,TX,FOLLETT
USC00413257,30.8272,-100.1103,661.1,TX,FT MCKAVETT
USC00413262,30.5997,-103.8869,1482.5,TX,FT DAVIS
USC00413266,31.1847,-105.7411,1064.7,TX,FT HANCOCK 8SSE
USC00413280,30.9072,-102.9153,926.0,TX,FT STOCKTON
USC00413285,32.8342,-97.2981,196.3,TX,FT WORTH WSFO
USC00413329,30.2392,-98.9089,513.6,TX,FREDERICKSBURG
USC00413340,28.9844,-95.3808,2.4,TX,FREEPORT 2 NW
USC00413341,27.8722,-98.6175,171.3,TX,FREER
USC00413368,34.6397,-102.7228,1226.8,TX,FRIONA
USC00413411,32.7744,-101.4539,771.1,TX,GAIL
USC00413420,33.6461,-97.0592,265.2,TX,GAINESVILLE 5 ENE
USC00413485,31.4144,-97.7019,251.8,TX,GATESVILLE
USC00413507,30.6764,-97.7208,266.4,TX,GEORGETOWN LAKE
USC00413614,31.4406,-98.5903,459.3,TX,GOLDTHWAITE 1 WSW
USC00413622,29.4744,-97.4481,90.2,TX,GONZALES 2S
USC00413686,30.7189,-97.3211,169.2,TX,GRANGER DAM
USC00413691,32.9506,-97.0553,178.3,TX,GRAPEVINE DAM
USC00413734,33.1678,-96.0983,166.1,TX,GREENVILLE KGVL RADIO
USC00413787,36.2631,-101.405,966.2,TX,GRUVER
USC00413828,33.6267,-100.3369,536.4,TX,GUTHRIE
USC00413873,29.4706,-96.9397,83.8,TX,HALLETTSVILLE 2 N
USC00413943,26.2028,-97.6728,11.6,TX,HARLINGEN
USC00413972,34.3697,-102.1175,1116.5,TX,HART
USC00413992,33.1644,-99.7389,484.6,TX,HASKELL
USC00414081,32.1828,-94.7967,140.5,TX,HENDERSON
USC00414098,34.8172,-102.4003,1164.3,TX,HEREFORD
USC00414182,32.0161,-97.1094,167.6,TX,HILLSBORO
USC00414254,29.3364,-99.1386,267.9,TX,HONDO
USC00414278,31.8456,-99.5606,594.1,TX,HORDS CREEK DAM
USC00414333,29.4717,-95.0833,5.8,TX,HOUSTON NWSO
USC00414382,30.7064,-95.5422,150.6,TX,HUNTSVILLE
USC00414517,33.2064,-98.1689,329.5,TX,JACKSBORO
USC00414525,31.9622,-95.2736,170.7,TX,JACKSONVILLE
USC00414570,33.2542,-100.5731,612.6,TX,JAYTON
USC00414577,32.7692,-94.3592,64.3,TX,JEFFERSON
USC00414597,32.6406,-96.9747,180.1,TX,JOE POOL LAKE
USC00414605,30.3,-98.4094,346.6,TX,JOHNSON CITY 2N
USC00414670,30.4453,-99.8045,532.5,TX,JUNCTION 4SSW
USC00414770,31.0158,-104.1108,1402.7,TX,KENT 8SE
USC00414782,30.0739,-99.1094,547.7,TX,KERRVILLE 3 NNE
USC00414792,31.0658,-97.6919,248.4,TX,KILLEEN
USC00414810,27.5311,-97.8497,17.4,TX,KINGSVILLE
USC00414950,29.2694,-103.7575,732.4,TX,LAJITAS
USC00414967,33.0642,-101.0489,695.6,TX,LAKE ALAN HENRY
USC00414976,32.8228,-95.5278,127.1,TX,LAKE FK RSVR
USC00414980,32.8522,-95.8864,136.6,TX,LAKE TAWAKONI
USC00414982,33.7542,-99.1442,355.7,TX,LAKE KEMP
USC00415013,32.7228,-101.9456,903.7,TX,LAMESA 1 SSE
USC00415048,29.8097,-101.5603,393.2,TX,LANGTRY
USC00415060,27.5683,-99.4331,146.9,TX,LAREDO 2
USC00415183,33.55,-102.3758,1071.1,TX,LEVELLAND
USC00415193,30.4064,-97.0133,128.9,TX,LEXINGTON
USC00415196,30.0592,-94.795,10.7,TX,LIBERTY
USC00415247,36.2361,-100.2708,728.5,TX,LIPSCOMB
USC00415265,33.8689,-102.2583,1054.0,TX,LITTLEFIELD
USC00415272,30.7425,-98.6542,310.9,TX,LLANO
USC00415341,32.4725,-94.7172,100.6,TX,LONGVIEW
USC00415429,29.6756,-97.6578,121.9,TX,LULING
USC00415477,30.9392,-95.9203,76.8,TX,MADISONVILLE
USC00415579,30.1925,-103.2717,1215.8,TX,MARATHON
USC00415618,32.4892,-94.3289,92.0,TX,MARSHALL
USC00415650,30.7478,-99.2306,466.6,TX,MASON
USC00415658,34.025,-100.8117,716.6,TX,MATADOR
USC00415661,28.0372,-97.8725,42.1,TX,MATHIS 4 SSW
USC00415701,26.1922,-98.2503,33.5,TX,MCALLEN
USC00415707,31.1331,-102.2217,750.1,TX,MCCAMEY
USC00415721,26.565,-98.1236,67.1,TX,MCCOOK
USC00415742,29.81,-99.2497,521.8,TX,MEDINA 1NE
USC00415766,33.1828,-96.59,173.4,TX,MCKINNEY MUNI AP
USC00415821,34.7258,-100.5378,629.4,TX,MEMPHIS
USC00415891,32.0186,-102.0258,846.1,TX,MIDLAND 4 ENE
USC00416074,33.7186,-102.7586,1147.9,TX,MORTON
USC00416104,30.6711,-104.0231,2069.6,TX,MT LOCKE
USC00416108,33.1631,-95.0097,111.3,TX,MT PLEASANT
USC00416119,33.1964,-95.2236,136.2,TX,MT VERNON
USC00416135,34.2192,-102.7328,1167.4,TX,MULESHOE #1
USC00416137,33.9561,-102.7778,1143.6,TX,MULESHOE NWR
USC00416177,31.6164,-94.6431,132.6,TX,NACOGDOCHES
USC00416210,31.9611,-96.6881,138.4,TX,NAVARRO MILLS DAM
USC00416368,29.2828,-97.7675,103.6,TX,NIXON
USC00416502,31.8797,-102.3592,887.0,TX,ODESSA
USC00416644,34.1794,-102.135,1100.6,TX,OLTON
USC00416680,30.2267,-93.7389,7.0,TX,ORANGE 9 N
USC00416740,34.0231,-100.1842,527.3,TX,PADUCAH 7E
USC00416742,33.8083,-100.2981,566.3,TX,PADUCAH 15S
USC00416747,31.5064,-99.9305,504.1,TX,PAINT ROCK
USC00416776,35.5544,-100.9736,960.1,TX,PAMPA #2
USC00416792,29.3272,-103.2061,1140.0,TX,PANTHER JUNCTION
USC00416794,33.6744,-95.5586,165.2,TX,PARIS
USC00416879,28.8889,-99.0897,193.5,TX,PEARSALL
USC00416950,36.3897,-100.8239,896.7,TX,PERRYTON
USC00416959,29.6603,-103.1736,873.3,TX,PERSIMMON GAP
USC00417074,33.1869,-102.8281,1120.1,TX,PLAINS
USC00417079,34.1892,-101.7022,1027.2,TX,PLAINVIEW
USC00417111,28.9606,-98.4772,109.1,TX,PLEASANTON
USC00417140,28.6575,-96.5553,6.1,TX,PT COMFORT
USC00417170,27.8139,-97.075,2.4,TX,PORT ARANSAS
USC00417179,26.095,-97.3069,3.7,TX,PORT ISABEL
USC00417184,26.5533,-97.4278,1.8,TX,PORT MANSFIELD
USC00417206,33.1983,-101.3747,792.8,TX,POST
USC00417215,29.0281,-98.5686,129.5,TX,POTEET
USC00417232,29.9167,-99.7908,625.4,TX,PRADE RCH
USC00417300,31.9633,-98.4942,372.2,TX,PROCTOR RSVR
USC00417327,32.3664,-99.1925,494.1,TX,PUTNAM
USC00417458,26.4644,-97.7847,9.4,TX,RAYMONDVILLE
USC00417588,32.9964,-96.7428,206.7,TX,RICHARDSON
USC00417622,26.3769,-98.8117,52.4,TX,RIO GRANDE CITY
USC00417704,28.0183,-97.0567,3.0,TX,ROCKPORT
USC00417706,30.0239,-100.2119,726.0,TX,ROCKSPRINGS
USC00417743,32.4481,-100.5264,725.4,TX,ROSCOE
USC00417782,32.8556,-100.4611,608.1,TX,ROTAN
USC00417841,31.8092,-95.1428,211.8,TX,RUSK
USC00417936,31.0619,-94.1011,57.6,TX,SAM RAYBURN DAM
USC00417944,31.3708,-100.4944,576.1,TX,SAN ANGELO WFO
USC00417951,31.5192,-94.1186,89.9,TX,SAN AUGUSTINE
USC00417983,29.8833,-97.9494,202.7,TX,SAN MARCOS
USC00418040,35.7047,-101.5492,894.9,TX,SANFORD DAM
USC00418059,26.2656,-97.8714,15.2,TX,SANTA ROSA 3 WNW
USC00418201,32.7131,-102.6597,1016.8,TX,SEMINOLE
USC00418274,33.7033,-96.6419,231.6,TX,SHERMAN
USC00418323,34.4733,-101.3022,998.2,TX,SILVERTON
USC00418415,30.0092,-97.1644,96.6,TX,SMITHVILLE
USC00418433,32.71,-100.9111,706.8,TX,SNYDER
USC00418446,30.3367,-96.5403,80.2,TX,SOMERVILLE DAM
USC00418449,30.5508,-100.6519,643.7,TX,SONORA
USC00418487,26.1375,-97.1742,1.5,TX,S PADRE IS
USC00418566,33.4792,-100.8761,700.1,TX,SPUR
USC00418583,32.9403,-99.8036,491.3,TX,STAMFORD 1
USC00418728,29.6197,-95.6575,23.5,TX,SUGAR LAND
USC00418743,33.1481,-95.6269,150.9,TX,SULPHUR SPRINGS
USC00418818,33.17,-101.81,948.5,TX,TAHOKA
USC00418942,33.4367,-94.0772,118.9,TX,TEXARKANA
USC00418996,29.4822,-95.6314,21.3,TX,THOMPSONS 3 WSW
USC00419088,31.4019,-106.0569,1088.1,TX,TORNILLO 2 SSE
USC00419101,30.7931,-94.1819,66.8,TX,TOWN BLUFF DAM
USC00419163,33.7569,-99.8619,478.8,TX,TRUSCOTT 3 W
USC00419175,34.5583,-101.7239,1051.6,TX,TULIA
USC00419191,34.3961,-100.8967,716.9,TX,TURKEY
USC00419207,32.3008,-95.3103,154.8,TX,TYLER
USC00419270,30.5939,-104.4928,1355.4,TX,VALENTINE
USC00419295,31.0417,-104.8372,1239.0,TX,VAN HORN
USC00419417,31.6003,-97.2169,150.9,TX,WACO DAM
USC00419491,30.3236,-96.1594,65.5,TX,WASHINGTON SP
USC00419499,31.6725,-100.7283,644.7,TX,WATER VALLEY
USC00419532,32.7478,-97.7703,293.2,TX,WEATHERFORD
USC00419559,28.1136,-97.4178,15.2,TX,WELDER WILDLIFE FOUNDATION
USC00419588,26.1781,-97.9708,22.9,TX,WESLACO
USC00419715,31.8611,-97.375,175.0,TX,WHITNEY DAM
USC00419800,32.7019,-96.015,158.5,TX,WILLS PT
USC00419847,32.0444,-100.1078,613.3,TX,WINGATE
USC00419916,33.3039,-94.1583,86.0,TX,WRIGHT PATMAN DM & LK
USC00419952,29.2739,-97.1556,89.9,TX,YOAKUM
USW00003818,30.8369,-85.1836,32.6,FL,MARIANNA MUNI AP
USW00003850,31.2667,-85.7167,91.1,AL,CAIRNS FLD FT RUCKER
USW00003853,30.4,-81.4167,4.9,FL,MAYPORT PILOT STN
USW00003855,30.35,-87.3167,8.5,FL,PENSACOLA FOREST SHERMAN NAS
USW00003856,34.6442,-86.7861,189.9,AL,HUNTSVILLE INTNL AP
USW00003866,32.55,-88.5667,82.6,MS,MERIDIAN NAAS
USW00003902,31.0667,-97.8333,309.4,TX,ROBERT GRAY AAF
USW00003904,30.5911,-96.3631,96.0,TX,COLLEGE STN EASTERWOOD FLD
USW00003927,32.8975,-97.0219,165.8,TX,DAL-FTW WSCMO AP
USW00003933,31.1333,-97.7167,281.6,TX,FT HOOD
USW00003937,30.1253,-93.2158,41.8,LA,LAKE CHARLES
USW00003940,32.3197,-90.0778,90.2,MS,JACKSON INTL AP
USW00003951,32.35,-94.65,124.1,TX,LONGVIEW WSMO
USW00003969,32.2153,-98.1775,402.6,TX,STEPHENVILLE CLARK FLD
USW00012815,28.4183,-81.3242,27.1,FL,ORLANDO INTL AP
USW00012816,29.6917,-82.2761,40.5,FL,GAINESVILLE RGNL AP
USW00012833,29.6333,-83.1053,11.6,FL,CROSS CITY AP
USW00012834,29.1736,-81.0719,7.9,FL,DAYTONA BEACH INTL AP
USW00012835,26.585,-81.8614,4.0,FL,FT MYERS PAGE FLD AP
USW00012836,24.5569,-81.7553,0.3,FL,KEY W INTL AP
USW00012839,25.7881,-80.3169,1.5,FL,MIAMI INTL AP
USW00012841,28.5467,-81.3356,31.7,FL,ORLANDO EXECUTIVE AP
USW00012842,27.9633,-82.54,1.8,FL,TAMPA INTL AP
USW00012843,27.6553,-80.4142,5.8,FL,VERO BEACH INTL AP
USW00012844,26.685,-80.0992,3.7,FL,W PALM BEACH INTL AP
USW00012849,26.0789,-80.1622,0.9,FL,FT LAUDERDALE INTL AP
USW00012850,24.5833,-81.6833,1.8,FL,KEY WEST NAS
USW00012854,28.7794,-81.2436,14.9,FL,ORLANDO SANFORD AP
USW00012883,28.0,-82.05,45.1,FL,LAKELAND LINDER RGNL AP
USW00012904,26.2303,-97.6556,9.4,TX,HARLINGEN RIO GRANDE VLY INTL
USW00012907,27.5333,-99.4667,150.6,TX,LAREDO INTL AP
USW00012909,29.3833,-98.5833,207.9,TX,SAN ANTONIO KELLY AFB
USW00012911,29.5325,-98.2622,221.9,TX,RANDOLPH AFB
USW00012912,28.8625,-96.93,33.8,TX,VICTORIA RGNL AP
USW00012916,29.9975,-90.2778,-0.9,LA,NEW ORLEANS AP
USW00012917,29.9519,-94.0261,4.0,TX,PORT ARTHUR SE TX RGNL AP
USW00012918,29.6458,-95.2822,13.1,TX,HOUSTON WILLIAM P HOBBY AP
USW00012919,25.9161,-97.4189,26.8,TX,BROWNSVILLE
USW00012921,29.5442,-98.4839,243.5,TX,SAN ANTONIO INTL AP
USW00012923,29.2703,-94.8642,1.5,TX,GALVESTON SCHOLES FLD
USW00012924,27.7839,-97.5114,43.3,TX,CORPUS CHRISTI
USW00012926,27.6878,-97.2917,4.6,TX,CORPUS CHRISTI NAS
USW00012928,27.5089,-97.8042,13.4,TX,KINGSVILLE NAAS
USW00012930,29.9167,-90.1303,6.1,LA,NEW ORLEANS AUDUBON
USW00012932,27.7414,-98.025,51.8,TX,ALICE INTL AP
USW00012935,28.7247,-96.2536,3.0,TX,PALACIOS MUNI AP
USW00012946,27.7,-97.4333,9.1,TX,CORPUS CHRISTI CABANISS FLD
USW00012947,28.4586,-99.2228,143.9,TX,COTULLA LA SALLE CO AP
USW00012959,26.1792,-98.2444,30.2,TX,MCALLEN MILLER INTL AP
USW00012960,29.9844,-95.3608,27.4,TX,HOUSTON INTERCONTINENTAL AP
USW00012962,29.36,-99.1742,281.0,TX,HONDO MUNI AP
USW00013838,30.6147,-88.0631,4.9,AL,MOBILE DWTN AP
USW00013839,31.3178,-85.4433,112.2,AL,DOTHAN RGNL AP
USW00013865,32.3347,-88.7508,88.1,MS,MERIDIAN KEY FLD
USW00013871,33.5906,-85.8478,182.0,AL,ANNISTON METRO AP
USW00013876,33.5656,-86.745,187.8,AL,BIRMINGHAM AP
USW00013884,30.7772,-86.5194,46.9,FL,CRESTVIEW FAA/AP
USW00013889,30.4847,-81.7019,48.8,FL,JACKSONVILLE
USW00013894,30.6794,-88.24,88.1,AL,MOBILE
USW00013895,32.2997,-86.4075,66.1,AL,MONTGOMERY AP
USW00013896,34.7439,-87.5997,165.8,AL,MUSCLE SHOALS AP
USW00013899,30.4761,-87.1858,36.0,FL,PENSACOLA RGNL AP
USW00013904,30.1831,-97.68,146.6,TX,AUSTIN BERGSTROM INTL AP
USW00013911,32.7667,-97.45,185.3,TX,FT WORTH NAS
USW00013935,31.3964,-92.2828,26.8,LA,ALEXANDRIA ESLER FLD
USW00013939,33.4939,-90.9806,37.8,MS,GREENVILLE ASOS
USW00013942,32.5156,-92.03,22.3,LA,MONROE RGNL AP
USW00013957,32.4508,-93.8414,118.0,LA,SHREVEPORT
USW00013958,30.3208,-97.7603,204.2,TX,AUSTIN-CAMP MABRY
USW00013959,31.6181,-97.2283,151.8,TX,WACO RGNL AP
USW00013960,32.8383,-96.8358,147.5,TX,DALLAS FAA AP
USW00013961,32.8247,-97.3642,213.7,TX,FT WORTH MEACHAM FLD
USW00013962,32.4106,-99.6819,544.7,TX,ABILENE RGNL AP
USW00013966,33.9786,-98.493,308.8,TX,WICHITA FALLS MUNI AP
USW00013970,30.5378,-91.1469,20.4,LA,BATON ROUGE METRO AP
USW00013972,32.3586,-95.4039,159.4,TX,TYLER POUNDS FLD
USW00013973,30.5106,-99.7664,521.5,TX,JUNCTION KIMBLE CO AP
USW00013976,30.1986,-91.9894,10.7,LA,LAFAYETTE RGNL AP
USW00013978,33.4961,-90.0894,42.7,MS,GREENWOOD LEFLORE AP
USW00022001,29.3667,-100.7833,329.8,TX,DEL RIO LAUGHLIN AFB
USW00022010,29.3783,-100.9269,305.7,TX,DEL RIO INTL AP
USW00023007,34.4275,-100.2839,594.1,TX,CHILDRESS MUNI AP
USW00023023,31.9433,-102.1892,902.8,TX,MIDLAND ODESSA
USW00023034,31.3714,-100.4925,610.8,TX,SAN ANGELO
USW00023040,31.78,-103.2017,858.3,TX,WINK FAA AP
USW00023041,32.2442,-101.4536,765.0,TX,BIG SPRING
USW00023042,33.6542,-101.8142,1029.6,TX,LUBBOCK
USW00023044,31.8122,-106.3775,1202.1,TX,EL PASO INTL AP
USW00023047,35.2333,-101.7092,1128.7,TX,AMARILLO
USW00023055,31.8328,-104.8089,1655.1,TX,PINE SPGS GUADALUPE MOUNTAINS
USW00053864,33.1783,-86.7817,172.5,AL,ALABASTER SHELBY CO AP ASOS
USW00053865,30.3436,-89.8225,7.6,LA,SLIDELL AP
USW00053917,30.0494,-90.0289,0.9,LA,NEW ORLEANS LAKEFRONT AP
USW00092811,25.8064,-80.1333,2.4,FL,MIAMI BEACH
USW00093042,36.0253,-102.5489,1215.5,TX,DALHART FAA AP
USW00093805,30.3975,-84.3289,53.9,FL,TALLAHASSEE
USW00093806,33.2122,-87.6156,45.1,AL,TUSCALOOSA AP ASOS
USW00093837,30.2333,-81.6667,6.1,FL,JACKSONVILLE NAS
USW00093841,30.7167,-87.0167,60.7,FL,WHITING FLD NAS
USW00093862,34.2622,-88.7714,103.6,MS,TUPELO RGNL AP
USW00093904,32.8167,-97.35,214.9,TX,FT WORTH MEACHAM FLD NAAF
USW00093914,31.7831,-95.6039,141.7,TX,PALESTINE 2 NE
USW00093915,31.3347,-92.5586,25.0,LA,ALEXANDRIA INTL AP
USW00093919,31.1822,-90.4719,123.4,MS,MCCOMB AP
USW00093985,32.7817,-98.0603,287.1,TX,MINERAL WELLS AP
USW00093987,31.2358,-94.7547,87.2,TX,LUFKIN ANGELINA CO AP
